,Lower risk (perc),Higher risk (perc)
"Fast Retailing Co., Ltd.",0.7012120768810233,0.5009624242353683
Alphabet Inc.,9.868492427802435,23.954863221175618
International Business Machines Corporation,14.640822585826083,25.696943373925674
JPMorgan Chase & Co.,16.699457488277282,25.036914173860474
"Netflix, Inc.",7.0126311394033065,10.954504004460551
Exxon Mobil Corporation,19.124437315202275,13.493977488189179
"Yum! Brands, Inc.",31.952946966607605,0.3618353141531354
